FullName,PositionRole,Age,Height,Weight,Overall,Potential,ValueEUR,WageEUR,IntReputation,WeakFoot,SkillMoves,PaceTotal,ShootingTotal,PassingTotal,DribblingTotal,DefendingTotal,PhysicalityTotal,Crossing,Finishing,HeadingAccuracy,ShortPassing,Volleys,Dribbling,Curve,FKAccuracy,LongPassing,BallControl,Acceleration,SprintSpeed,Agility,Reactions,Balance,ShotPower,Jumping,Stamina,Strength,LongShots,Aggression,Interceptions,Positioning,Vision,Penalties,Composure,Marking,StandingTackle,SlidingTackle,GKDiving,GKHandling,GKKicking,GKPositioning,GKReflexes,STRating,LWRating,LFRating,CFRating,RFRating,RWRating,CAMRating,LMRating,CMRating,RMRating,LWBRating,CDMRating,RWBRating,LBRating,CBRating,RBRating,GKRating
Karim Benzema,Forward,34,185,81,91,91,64000000,450000,4,4,4,80,88,83,87,39,78,75,92,90,89,88,87,82,73,76,91,79,80,78,92,72,87,79,82,82,80,63,39,92,89,84,90,43,24,18,13,11,5,5,7,91,87,89,89,89,87,91,89,84,89,67,67,67,63,58,63,21
Lionel Messi,Midfield,35,169,67,91,91,54000000,195000,5,4,4,81,89,90,94,34,64,84,90,70,91,88,95,93,93,90,93,87,76,91,92,95,86,68,70,68,91,44,40,93,94,75,96,20,35,24,6,11,15,14,8,90,90,91,91,91,90,91,91,88,91,67,66,67,62,53,62,22
Kylian Mbappé,Forward,23,182,73,91,95,190500000,230000,4,4,5,97,89,80,92,36,76,78,93,72,85,83,93,80,69,71,91,97,97,93,93,81,88,77,87,76,82,64,38,92,83,80,88,26,34,32,13,5,7,11,6,92,90,90,90,90,90,92,92,84,92,70,66,70,66,57,66,21
Kevin De Bruyne,Midfield,31,181,70,91,91,107500000,350000,4,5,4,74,88,93,87,64,77,94,85,55,93,83,88,89,83,93,90,76,73,76,91,78,92,63,88,74,91,75,66,88,94,83,89,68,65,53,15,13,5,10,13,86,88,87,87,87,88,91,91,91,91,82,82,82,78,72,78,24
Robert Lewandowski,Forward,33,185,81,91,91,84000000,420000,5,4,4,75,91,79,86,44,83,71,94,91,84,89,85,79,85,70,89,76,75,77,93,82,91,85,76,87,84,81,49,94,81,90,88,35,42,19,15,6,12,8,10,91,85,88,88,88,85,88,86,83,86,67,69,67,64,63,64,22
Mohamed Salah,Wing,30,175,71,90,90,115500000,270000,4,3,4,90,89,82,90,45,75,80,93,59,84,84,90,84,69,77,88,89,91,90,93,91,83,69,87,75,85,63,55,92,85,86,92,38,43,41,14,14,9,11,14,89,88,88,88,88,88,90,90,85,90,74,71,74,70,61,70,25
Virgil van Dijk,Backfield,30,193,92,90,90,98000000,230000,4,3,2,81,60,71,71,91,86,53,52,87,79,45,70,60,70,86,76,68,91,61,89,53,81,88,74,93,64,85,90,47,65,62,90,92,92,86,13,10,13,11,11,74,68,70,70,70,68,73,73,79,73,83,88,83,85,90,85,23
Thibaut Courtois,Goalkeeper,30,199,96,90,91,90000000,250000,4,3,1,84,89,75,90,48,89,14,14,13,33,12,13,19,20,35,23,42,52,63,84,45,56,68,38,70,17,23,15,13,44,27,66,20,18,16,84,89,75,89,90,34,29,31,31,31,29,35,34,35,34,32,34,32,32,32,32,90
Manuel Neuer,Goalkeeper,36,193,93,90,90,13500000,72000,5,4,1,87,88,91,88,57,91,15,13,25,60,11,30,14,11,68,46,54,60,51,87,35,68,77,43,80,16,29,30,12,70,47,70,17,10,11,87,88,91,91,88,43,40,43,43,43,40,50,47,53,47,39,46,39,38,37,38,90
C. Ronaldo dos Santos Aveiro,Forward,37,187,83,90,90,41000000,220000,5,4,5,81,92,78,85,34,75,80,93,90,80,86,85,81,79,75,88,79,83,77,94,67,93,95,76,77,90,63,29,95,76,90,95,24,32,24,7,11,15,14,11,90,86,88,88,88,86,88,87,81,87,65,62,65,61,56,61,23
Harry Kane,Forward,28,188,89,89,89,105500000,240000,4,5,3,68,91,83,82,47,82,80,93,85,84,87,83,82,65,85,84,67,69,68,92,71,92,79,83,83,86,80,44,94,87,92,92,50,36,38,8,10,11,14,11,89,84,86,86,86,84,88,86,84,86,69,71,69,66,64,66,23
Heung Min Son,Wing,29,183,78,89,89,101000000,240000,4,5,4,88,89,82,86,42,69,83,91,68,84,79,87,85,74,74,84,85,90,85,91,76,88,60,88,64,89,62,39,91,84,73,89,47,34,33,11,13,13,6,10,88,87,87,87,87,87,89,89,83,89,71,67,71,67,57,67,22
Carlos Henrique Venancio Casimiro,Midfield,30,185,84,89,89,86000000,300000,3,3,2,63,73,75,71,87,90,58,64,79,84,62,67,62,74,83,78,60,66,61,87,66,88,85,90,90,81,91,88,75,75,66,84,87,88,87,13,14,16,12,12,78,71,75,75,75,71,78,76,84,76,83,89,83,84,89,84,24
Jan Oblak,Goalkeeper,29,188,87,89,91,85500000,100000,5,3,1,86,90,78,89,51,87,13,11,15,43,13,12,13,14,40,30,43,58,65,87,49,59,77,41,78,12,34,21,11,65,11,68,27,12,18,86,90,78,87,89,36,32,34,34,34,32,41,37,41,37,35,40,35,35,36,35,90
Ederson Santana de Moraes,Goalkeeper,28,188,86,89,91,88000000,210000,3,3,1,87,82,93,88,63,88,20,14,14,61,18,23,15,20,66,40,64,63,60,88,48,70,66,41,78,18,38,27,20,70,51,70,29,15,8,87,82,93,88,88,43,41,43,43,43,41,50,47,52,47,40,47,40,39,38,39,90
Sadio Mané,Midfield,30,174,69,89,89,99500000,145000,4,4,4,90,83,80,88,44,77,78,86,84,84,75,88,77,64,71,86,91,90,93,91,88,83,87,85,72,78,75,35,90,84,75,84,42,42,38,10,10,15,7,14,89,86,87,87,87,86,89,89,82,89,71,68,71,68,62,68,22
Joshua Kimmich,Midfield,27,177,75,89,90,105500000,130000,4,4,3,68,72,87,84,83,79,91,68,72,87,69,82,85,69,90,85,77,60,84,88,84,78,79,94,68,83,89,84,80,85,44,85,85,85,78,8,15,7,15,15,80,81,80,80,80,81,85,86,89,86,87,89,87,86,84,86,24
Alisson Ramses Becker,Goalkeeper,29,191,91,89,90,79000000,190000,3,3,1,86,85,85,89,53,90,17,13,29,60,20,27,19,18,58,40,58,49,40,87,37,64,52,32,78,14,27,11,13,66,23,68,15,19,16,86,85,85,90,89,42,38,41,41,41,38,48,45,49,45,36,42,36,35,35,35,90
Neymar da Silva Santos Jr.,Wing,30,175,68,89,89,99500000,200000,5,5,5,87,83,85,94,37,61,84,83,63,85,86,95,88,87,81,94,88,86,93,88,82,79,62,79,52,81,63,37,86,89,91,93,35,32,29,9,9,15,15,11,85,88,88,88,88,88,89,89,85,89,69,66,69,64,53,64,23
N'Golo Kanté,Midfield,31,168,70,89,89,72000000,220000,4,3,2,72,66,74,80,87,82,68,65,54,82,56,78,49,49,76,81,77,68,78,93,92,71,75,95,72,65,93,91,72,77,54,84,90,93,86,15,12,10,7,10,75,76,76,76,76,76,80,81,84,81,87,89,87,87,87,87,23
Rúben Santos Gato Alves Dias,Backfield,25,187,82,88,91,107500000,230000,3,4,2,63,39,66,67,88,88,54,29,87,82,32,64,46,48,76,74,57,67,60,89,56,74,78,83,89,26,92,85,39,51,45,81,90,89,85,7,8,13,7,12,64,59,60,60,60,59,65,67,73,67,81,86,81,83,90,83,21
Luka Modrić,Midfield,36,172,66,88,88,29000000,230000,4,4,4,73,76,89,88,72,66,86,72,55,91,76,85,85,78,92,90,76,70,91,88,92,79,67,83,58,82,62,80,78,90,82,92,70,75,72,13,9,7,14,9,79,83,82,82,82,83,88,87,88,87,84,84,84,82,75,82,22
Toni Kroos,Midfield,32,183,76,88,88,72000000,310000,4,5,3,53,81,90,81,71,68,88,77,58,93,82,80,86,84,93,88,55,52,63,90,71,89,32,75,72,86,60,80,76,89,73,88,71,73,60,10,11,13,7,10,80,80,81,81,81,80,86,84,88,84,80,84,80,77,74,77,22
Marc-André ter Stegen,Goalkeeper,30,187,85,88,89,68500000,210000,4,4,1,86,85,87,90,48,85,18,14,11,61,14,21,18,12,63,30,45,50,39,85,43,65,79,35,78,10,43,22,11,70,25,70,25,13,10,86,85,87,85,90,38,35,38,38,38,35,45,42,48,42,36,44,36,34,36,34,89
Keylor Navas,Goalkeeper,35,185,80,88,88,10000000,85000,3,3,1,89,84,75,89,53,87,11,15,11,40,11,24,21,15,37,30,54,53,60,85,61,56,74,39,75,13,32,22,16,68,25,67,28,14,14,89,84,75,87,89,37,35,37,37,37,35,43,40,42,40,35,39,35,34,35,34,88
Marcos Aoás Corrêa,Backfield,28,183,75,88,90,92000000,170000,3,3,3,79,56,75,73,89,80,68,59,88,84,35,69,58,32,85,79,77,81,68,88,66,65,92,82,78,45,81,89,70,76,52,86,90,89,89,6,6,12,10,13,75,73,73,73,73,73,78,79,82,79,86,88,86,87,90,87,21
João Pedro Cavaco Cancelo,Backfield,28,182,74,88,88,82500000,250000,3,4,4,85,73,85,85,81,73,88,69,72,88,62,86,87,69,79,87,86,84,79,85,78,80,72,91,62,79,76,82,81,85,52,86,81,84,80,6,9,15,14,14,81,84,83,83,83,84,87,88,87,88,88,86,88,87,82,87,22
Bernardo Mota Carvalho e Silva,Midfield,27,173,64,88,88,97500000,260000,2,3,4,77,78,84,92,61,68,85,79,51,89,78,92,85,67,77,91,84,71,94,87,92,79,51,93,54,78,75,60,83,85,68,90,59,71,53,9,10,14,12,9,80,86,84,84,84,86,88,88,86,88,79,77,79,75,67,75,21
Gianluigi Donnarumma,Goalkeeper,23,196,90,88,92,103500000,110000,3,3,1,90,83,79,89,53,85,12,12,12,36,8,28,12,14,34,30,50,55,64,85,38,59,72,34,72,18,30,26,14,60,24,65,20,14,16,90,83,79,85,89,37,34,36,36,36,34,41,38,40,38,34,37,34,34,34,34,89
Erling Haaland,Forward,21,195,94,88,94,148000000,220000,4,3,3,89,91,65,79,49,87,47,94,79,74,88,78,77,62,53,82,82,94,76,88,72,94,74,81,93,87,85,43,89,74,76,85,44,53,29,7,14,13,11,7,90,80,84,84,84,80,83,80,76,80,65,67,65,64,65,64,22
Antonio Rüdiger,Backfield,29,190,85,87,88,73500000,250000,2,3,2,82,53,71,66,86,85,68,40,82,80,34,64,50,56,78,72,72,91,56,85,50,77,84,71,90,67,92,84,49,61,40,78,88,87,84,14,15,10,12,8,69,67,67,67,67,67,69,71,74,71,81,83,81,83,88,83,22
Hugo Lloris,Goalkeeper,35,188,82,87,87,9000000,80000,4,1,1,88,83,74,88,62,84,13,10,9,54,15,12,12,10,55,29,61,62,54,84,56,56,74,41,43,14,31,25,9,59,40,59,24,12,18,88,83,74,84,88,34,33,35,35,35,33,42,40,44,40,37,41,37,36,32,36,87
Thomas Müller,Midfield,32,185,76,87,87,63000000,115000,4,4,3,69,84,83,79,56,71,85,88,81,85,84,77,81,59,79,84,66,71,72,94,71,78,77,86,66,82,62,58,96,86,70,84,47,57,46,6,7,11,14,14,86,83,84,84,84,83,87,86,85,86,74,74,74,72,66,72,23
David De Gea Quintana,Goalkeeper,31,192,76,87,87,42000000,150000,4,3,1,88,80,76,89,51,84,17,13,21,48,13,18,21,19,50,34,52,50,63,89,43,57,67,43,55,12,30,30,12,53,29,58,25,21,13,88,80,76,84,89,37,34,36,36,36,34,42,40,44,40,38,42,38,37,36,37,87
Marco Verratti,Midfield,29,165,60,87,87,77500000,155000,3,4,4,60,61,87,91,79,66,82,60,57,90,64,91,85,64,89,92,65,55,90,87,93,60,66,75,53,58,89,85,78,89,64,94,78,82,84,12,12,15,15,10,74,80,79,79,79,80,86,85,87,85,85,87,85,83,80,83,24
Kalidou Koulibaly,Backfield,31,187,89,87,87,54500000,175000,3,4,2,82,33,59,68,88,85,38,25,84,71,14,70,53,28,67,72,74,88,51,83,34,67,82,70,94,20,83,85,35,60,33,82,90,89,86,7,11,7,13,5,62,59,60,60,60,59,64,66,69,66,78,82,78,81,87,81,20
Leon Goretzka,Midfield,27,189,82,87,88,91000000,115000,4,4,3,78,82,82,83,81,86,75,82,86,86,71,84,76,75,85,86,78,78,76,87,73,85,80,86,88,86,82,86,85,84,60,82,74,84,78,13,8,15,11,9,87,83,84,84,84,83,87,86,88,86,85,87,85,85,86,85,22
Mike Maignan,Goalkeeper,26,191,89,87,90,80000000,90000,2,4,1,85,82,85,89,52,85,18,15,17,57,16,31,38,16,53,40,50,53,41,85,56,64,74,39,78,20,35,25,15,61,15,66,23,16,19,85,82,85,85,89,40,38,41,41,41,38,46,44,47,44,38,43,38,36,37,36,87
Fábio Henrique Tavares,Midfield,28,188,78,87,88,77000000,185000,3,2,3,66,69,78,77,86,83,75,63,75,84,47,78,71,53,82,81,64,68,63,86,64,81,75,88,81,70,85,88,70,76,90,85,86,88,86,13,12,6,8,8,77,75,75,75,75,75,79,80,84,80,85,88,85,85,87,85,21
Trent Alexander-Arnold,Midfield,23,180,69,87,90,100500000,150000,3,4,3,76,69,89,80,80,73,92,62,69,87,63,78,87,85,91,86,76,76,73,83,73,82,66,89,66,75,71,83,78,90,55,82,79,83,80,14,15,14,6,7,78,80,79,79,79,80,85,86,88,86,87,87,87,86,81,86,22
Frenkie de Jong,Midfield,25,180,74,87,92,116500000,230000,3,3,4,82,69,86,87,77,78,78,72,72,91,70,87,84,64,89,89,80,83,87,88,79,68,76,89,74,66,74,82,77,88,53,90,76,76,77,7,13,10,10,9,81,83,82,82,82,83,88,88,89,88,86,87,86,85,81,85,21
Andrew Robertson,Backfield,28,178,64,87,87,72000000,185000,3,2,3,80,61,81,81,82,76,88,55,67,82,32,81,82,71,76,83,79,81,75,85,74,76,62,95,65,65,85,84,77,80,55,83,83,84,82,11,8,10,7,14,75,78,77,77,77,78,81,84,84,84,87,85,87,87,82,87,21
Rodrigo Hernández Cascante,Midfield,26,191,82,87,89,88500000,200000,3,4,3,58,72,78,78,83,84,63,64,80,86,59,78,65,61,83,85,54,62,65,82,65,89,72,88,84,82,82,83,75,83,46,85,84,86,78,10,10,7,14,8,79,74,77,77,77,74,82,79,86,79,82,87,82,82,85,82,21
Raheem Sterling,Wing,27,170,69,86,86,72500000,195000,4,3,4,90,80,78,87,45,67,79,82,46,83,67,86,79,72,67,84,94,86,94,91,93,78,57,79,65,80,59,30,91,80,70,77,47,53,47,15,12,12,15,9,83,85,85,85,85,85,86,86,80,86,71,67,71,68,58,68,24
David Alaba,Backfield,30,180,78,86,86,55500000,220000,4,4,3,79,71,83,80,85,77,83,63,77,89,67,77,77,85,80,85,79,79,76,88,78,82,81,74,78,78,78,87,73,78,79,85,89,84,83,5,7,14,15,9,80,79,79,79,79,79,83,83,85,83,86,86,86,86,86,86,21
Romelu Lukaku,Forward,29,191,94,86,86,68000000,200000,4,4,3,80,85,75,77,38,82,73,88,87,78,79,82,78,66,70,78,72,86,59,86,52,87,74,67,95,75,71,27,86,75,88,82,30,41,30,8,15,14,7,10,86,80,82,82,82,80,82,82,76,82,63,62,63,60,59,60,22
Ciro Immobile,Forward,32,185,85,86,86,55000000,100000,4,4,3,85,87,68,80,39,75,55,91,81,79,85,79,70,58,57,81,84,86,75,87,84,86,82,78,74,80,73,40,90,71,88,76,34,33,32,6,8,15,12,6,86,80,83,83,83,80,83,81,76,81,64,62,64,61,58,61,20
Riyad Mahrez,Wing,31,179,67,86,86,56500000,220000,3,4,5,80,83,81,90,38,60,81,84,56,83,76,91,85,78,75,90,84,77,92,83,88,84,56,75,57,83,48,39,83,83,80,83,45,31,22,15,9,13,11,6,83,85,85,85,85,85,86,86,81,86,67,64,67,62,52,62,21
Thiago Emiliano da Silva,Backfield,37,183,79,86,86,12000000,115000,4,3,2,49,54,73,71,87,76,60,40,82,81,61,67,62,61,82,79,45,52,62,83,66,71,88,66,80,65,76,89,59,71,60,86,89,86,84,9,12,5,9,10,68,65,66,66,66,65,72,70,79,70,78,85,78,80,86,80,21
Wojciech Szczęsny,Goalkeeper,32,195,90,86,86,33500000,125000,3,3,1,86,81,73,87,49,86,12,12,16,32,14,11,16,14,36,22,51,47,55,82,51,55,71,45,65,14,40,15,14,48,18,65,20,13,12,86,81,73,86,87,34,28,31,31,31,28,35,34,36,34,31,34,31,31,32,31,86
Kevin Trapp,Goalkeeper,31,189,84,86,86,36000000,43000,3,4,1,84,82,79,87,47,85,13,13,11,25,12,10,14,12,12,24,43,50,42,83,37,59,76,45,75,13,30,22,12,46,17,64,15,14,10,84,82,79,85,87,33,27,30,30,30,27,32,31,31,31,31,32,31,31,32,31,86
Paulo Dybala,Midfield,28,177,75,86,86,69500000,130000,3,3,4,80,85,85,90,40,59,82,83,58,86,88,90,89,88,79,93,84,76,88,79,90,84,74,68,60,89,43,42,82,91,84,79,32,41,39,5,4,4,5,8,84,86,85,85,85,86,86,86,84,86,68,66,68,64,54,64,17
Daniel Parejo Muñoz,Midfield,33,182,74,86,86,42000000,64000,2,4,3,50,83,90,80,71,68,86,83,61,92,72,81,88,90,90,86,52,49,63,79,72,81,49,76,70,88,58,80,81,90,88,85,70,70,69,5,9,12,14,8,79,80,80,80,80,80,85,82,86,82,78,81,78,76,73,76,19
Sergej Milinković-Savić,Midfield,27,191,76,86,87,77500000,90000,3,5,4,68,80,82,82,79,86,71,82,86,86,74,85,81,78,86,87,66,70,62,84,63,83,87,91,87,81,79,79,82,83,59,84,78,79,74,7,10,7,16,7,85,80,82,82,82,80,86,84,87,84,83,86,83,82,84,82,21
Bruno Miguel Borges Fernandes,Midfield,27,179,69,86,87,78500000,190000,3,3,4,72,86,88,81,67,76,85,83,64,88,87,79,87,85,88,84,75,69,78,91,79,88,71,92,66,88,80,64,86,91,90,79,66,73,65,12,14,15,8,14,84,83,84,84,84,83,87,87,87,87,81,82,81,79,74,79,24
Aymeric Laporte,Backfield,28,191,85,86,87,64500000,195000,3,3,2,61,50,72,68,86,79,58,45,84,83,40,63,61,69,81,78,55,65,57,87,55,68,80,67,84,47,81,87,54,65,44,84,86,87,86,10,11,5,14,5,69,64,66,66,66,64,71,70,77,70,80,85,80,81,87,81,21
Kingsley Coman,Midfield,26,179,75,86,87,80000000,105000,4,3,5,92,77,79,88,30,62,81,75,61,79,78,88,83,70,74,87,94,90,92,86,84,83,73,73,66,73,35,23,84,81,70,78,29,27,21,5,3,5,3,5,83,84,83,83,83,84,86,87,78,87,64,58,64,59,48,59,16
Vinícius José de Oliveira Júnior,Wing,21,176,73,86,92,109000000,200000,2,4,5,95,79,74,90,29,67,72,84,50,75,72,92,77,62,73,89,95,95,94,82,83,76,75,84,62,76,58,26,82,75,65,79,32,25,18,5,7,7,7,10,81,85,84,84,84,85,85,86,77,86,63,58,63,58,47,58,17
Marcelo Brozović,Midfield,29,181,68,86,86,58000000,110000,3,4,3,69,74,81,81,81,78,73,69,70,85,65,79,79,74,84,84,70,68,79,83,84,80,70,94,68,84,86,84,67,83,69,82,80,84,82,8,8,15,11,8,77,77,77,77,77,77,83,81,86,81,84,86,84,84,83,84,20
Thiago Alcântara,Midfield,31,174,70,86,86,55500000,180000,3,3,5,61,72,87,90,72,69,78,68,54,91,82,89,85,77,89,92,69,55,90,84,90,75,86,76,60,73,80,82,75,88,75,90,68,74,74,6,11,7,9,13,77,81,80,80,80,81,86,85,86,85,81,84,81,79,76,79,21
Édouard Mendy,Goalkeeper,30,197,86,86,87,51000000,130000,2,2,1,84,82,81,88,35,85,10,5,10,47,9,18,13,14,54,31,33,36,50,84,33,61,39,37,72,9,22,13,6,52,13,58,10,11,13,84,82,81,85,88,31,29,32,32,32,29,37,34,40,34,30,36,30,28,28,28,86
Nicolò Barella,Midfield,25,172,68,86,89,89500000,110000,3,3,3,79,76,83,84,77,81,79,73,53,86,80,80,79,67,85,87,80,78,90,88,90,77,78,94,73,79,84,83,81,86,73,86,79,79,81,11,5,13,14,11,80,82,81,81,81,82,86,86,88,86,86,87,86,85,81,85,22
Christopher Nkunku,Midfield,24,175,73,86,89,94000000,90000,3,3,5,88,81,83,88,65,66,81,86,61,85,70,89,82,80,80,88,87,89,88,85,90,79,59,78,64,78,59,67,86,85,67,81,62,69,59,5,6,10,15,7,85,86,85,85,85,86,89,89,86,89,80,77,80,77,70,77,20
Milan Škriniar,Backfield,27,188,80,86,87,68500000,105000,3,3,2,78,41,57,68,88,86,40,42,81,72,40,67,34,30,73,72,75,81,54,86,56,50,85,81,89,30,87,86,30,46,56,87,91,90,82,10,13,12,8,12,63,59,60,60,60,59,64,66,70,66,79,83,79,82,87,82,22
Lautaro Martínez,Forward,24,174,72,86,90,98500000,110000,3,4,4,83,83,72,85,48,84,58,88,84,76,90,84,78,54,73,86,86,80,86,89,89,80,89,80,84,76,90,45,86,80,74,86,55,31,44,11,8,8,8,13,88,82,84,84,84,82,85,83,79,83,68,69,68,66,65,66,22
Yann Sommer,Goalkeeper,33,183,79,85,85,17500000,40000,3,4,1,78,81,82,90,51,86,13,13,10,40,8,15,12,13,31,25,48,54,55,82,58,62,73,45,68,12,38,21,15,64,24,57,9,19,12,78,81,82,86,90,35,32,34,34,34,32,39,37,40,37,33,36,33,32,32,32,85
Jamie Vardy,Forward,35,179,74,85,85,23000000,110000,3,4,3,84,84,70,78,52,72,69,90,78,74,85,76,69,61,60,83,85,84,74,88,75,87,80,73,65,65,86,49,90,74,85,86,45,52,54,15,14,7,15,11,85,80,82,82,82,80,82,82,76,82,70,68,70,69,66,69,25
Pedro González López,Midfield,19,174,61,85,93,116000000,115000,2,4,4,79,67,81,87,68,73,68,68,50,87,56,87,79,62,85,88,82,76,88,85,90,66,65,88,70,67,62,72,77,88,53,87,68,73,63,12,7,11,8,8,76,81,80,80,80,81,85,84,86,84,79,80,79,77,72,77,19
Phil Foden,Midfield,22,171,69,85,92,109500000,180000,3,3,4,82,78,81,89,56,60,76,79,47,85,59,87,73,68,81,91,86,78,91,83,91,82,49,83,47,77,64,59,82,85,64,84,58,59,47,8,15,6,10,13,80,84,83,83,83,84,88,87,85,87,75,74,75,72,62,72,22
Matthijs de Ligt,Backfield,22,189,89,85,89,71000000,77000,3,3,2,75,59,61,68,84,87,52,50,85,75,45,65,48,55,67,73,69,79,60,84,62,82,93,75,93,66,83,81,44,45,40,82,84,86,85,12,11,11,12,10,71,64,65,65,65,64,67,68,71,68,79,81,79,81,87,81,22
Patrik Schick,Forward,26,191,85,85,87,67500000,95000,3,3,4,78,83,71,83,36,76,64,87,86,78,80,83,78,56,64,85,74,82,83,82,67,82,75,69,83,80,65,25,86,74,67,84,44,24,19,11,15,8,9,14,87,80,82,82,82,80,83,81,75,81,60,60,60,57,55,57,23
Theo Hernández,Wing,24,184,81,85,90,76000000,82000,3,3,3,93,72,76,81,78,83,84,69,74,79,66,83,69,64,68,79,92,94,78,85,76,83,68,90,81,72,82,78,80,73,50,80,74,81,80,12,10,7,7,7,82,81,80,80,80,81,82,84,81,84,86,82,86,85,82,85,20
Diogo José Teixeira da Silva,Forward,25,178,73,85,89,76000000,170000,2,5,4,85,83,75,85,57,77,73,86,84,77,79,85,77,58,72,84,88,82,86,87,85,85,81,83,71,75,85,56,89,77,69,80,53,57,45,7,12,15,9,11,86,83,84,84,84,83,84,84,80,84,72,71,72,70,68,70,21
Marcos Acuña,Backfield,30,172,69,85,85,46500000,46000,2,3,3,76,74,83,87,80,83,87,66,60,84,68,87,88,75,78,88,77,76,83,84,90,82,63,91,80,81,84,80,81,82,76,87,81,85,84,8,14,13,13,14,79,82,81,81,81,82,84,85,85,85,85,85,85,85,82,85,22
Nabil Fekir,Midfield,28,173,75,85,85,54500000,48000,3,4,4,83,82,82,87,38,80,81,83,49,83,77,89,83,79,77,86,88,79,85,81,91,84,64,80,81,83,79,34,82,87,74,89,34,42,30,15,9,8,14,15,83,84,84,84,84,84,85,85,82,85,67,66,67,63,56,63,23
Niklas Süle,Backfield,26,195,99,85,87,59000000,72000,3,3,3,71,48,66,57,85,83,48,30,84,79,46,57,33,38,77,64,60,80,34,82,44,78,60,65,94,62,86,81,42,66,32,82,83,89,87,15,7,14,7,15,65,58,61,61,61,58,66,65,73,65,77,82,77,79,87,79,22
Filip Kostić,Midfield,29,184,84,85,85,53000000,56000,3,2,3,84,78,82,82,68,80,92,76,59,80,75,84,83,80,77,82,87,82,76,82,79,86,67,90,77,78,80,63,79,81,66,82,69,72,68,13,14,12,12,13,81,82,81,81,81,82,84,85,83,85,82,79,82,79,74,79,24
Péter Gulácsi,Goalkeeper,32,191,86,85,85,26500000,65000,3,2,1,85,84,76,85,43,83,16,10,23,35,10,19,18,11,31,25,42,44,41,81,42,57,67,37,74,12,34,23,11,44,24,45,25,16,20,85,84,76,83,85,34,29,31,31,31,29,34,34,36,34,34,36,34,34,36,34,85
Yannick Carrasco,Midfield,28,185,73,85,85,54500000,90000,3,4,4,89,82,80,87,53,67,81,81,53,80,74,90,87,80,74,86,89,89,87,81,71,85,71,79,61,82,65,47,82,80,81,84,44,64,60,9,11,9,10,10,82,84,83,83,83,84,85,85,82,85,75,71,75,72,64,72,21
Gerard Moreno Balagueró,Forward,30,180,77,85,85,53000000,64000,2,4,3,78,86,77,83,46,72,77,89,82,79,81,85,77,62,75,84,78,78,77,85,72,83,79,77,74,82,61,42,85,78,85,80,44,41,41,15,12,7,12,10,85,82,83,83,83,82,84,83,79,83,67,65,67,65,60,65,22
Serge Gnabry,Midfield,26,176,77,85,85,59000000,100000,4,4,4,82,84,79,85,43,69,78,86,42,82,83,87,74,62,75,82,85,79,85,82,88,87,55,76,69,82,63,38,86,82,68,82,45,44,43,14,10,10,9,7,82,83,83,83,83,83,85,85,80,85,69,66,69,65,56,65,21
Memphis Depay,Forward,28,176,78,85,85,55000000,230000,4,3,5,83,84,82,86,30,79,84,84,65,81,75,87,85,83,76,87,82,84,80,84,81,87,69,79,83,83,72,28,85,85,76,80,23,31,20,8,14,6,12,10,85,84,84,84,84,84,85,85,80,85,64,62,64,59,52,59,22
Paul Pogba,Midfield,29,191,84,85,85,52500000,165000,4,4,5,67,80,85,85,62,80,73,74,74,87,84,89,85,82,92,87,60,72,71,77,65,90,80,65,88,84,79,62,77,90,80,85,53,67,63,5,6,2,4,3,83,80,82,82,82,80,85,83,85,83,74,78,74,72,73,72,15
Iago Aspas Juncal,Forward,34,176,67,85,85,26000000,50000,2,4,3,82,85,79,86,35,63,80,90,76,79,84,87,79,83,73,86,78,85,87,84,72,79,66,70,60,80,63,39,86,81,82,85,39,21,18,12,16,9,12,13,85,84,84,84,84,84,85,84,78,84,63,60,63,59,51,59,23
Sergio Busquets Burgos,Midfield,33,189,76,85,85,26500000,190000,4,3,3,42,62,79,79,82,73,62,67,68,87,50,80,66,68,85,85,40,43,66,81,50,61,66,75,70,54,79,84,76,83,60,90,83,83,82,5,8,13,9,13,73,72,74,74,74,72,80,77,85,77,79,85,79,78,82,78,20
Jordi Alba Ramos,Backfield,33,170,68,85,85,28000000,190000,3,3,3,84,70,82,82,77,70,86,73,70,86,75,79,82,63,81,84,86,83,87,79,84,64,80,83,61,66,75,80,83,78,59,80,74,78,79,13,15,13,6,13,79,81,79,79,79,81,84,85,84,85,85,83,85,84,79,84,22
Pierre-Emerick Aubameyang,Forward,33,187,80,85,85,34500000,220000,3,4,4,87,84,74,79,36,68,72,87,76,78,82,78,80,76,64,81,85,89,77,84,67,82,75,74,74,79,43,48,88,74,82,83,20,29,36,6,9,15,9,9,85,81,82,82,82,81,83,83,76,83,65,61,65,62,54,62,20
Kyle Walker,Backfield,32,183,83,85,85,37500000,170000,3,2,3,91,63,77,78,80,82,77,51,74,80,57,79,76,71,81,81,87,94,66,85,69,86,83,86,80,69,84,80,68,69,63,75,76,84,83,12,6,16,15,8,77,76,76,76,76,76,78,81,81,81,85,84,85,85,84,85,22
İlkay Gündoğan,Midfield,31,180,80,85,85,44000000,185000,3,4,4,64,80,85,85,72,72,78,81,50,88,75,85,86,80,85,90,66,63,77,86,77,79,61,74,73,81,70,75,83,86,80,87,76,75,67,11,14,5,5,13,81,82,82,82,82,82,85,85,85,85,80,83,80,78,75,78,22
Luiz Frello Filho Jorge,Midfield,30,180,68,85,85,51500000,165000,2,3,3,54,67,86,81,73,73,75,64,56,92,71,79,75,76,89,87,63,47,75,82,72,71,58,87,66,62,79,81,69,88,89,84,67,81,71,14,7,13,14,8,72,75,75,75,75,75,82,80,85,80,80,84,80,77,75,77,21
Marco Reus,Midfield,33,180,71,85,85,33500000,78000,4,4,4,70,84,84,85,53,65,84,84,44,85,87,86,88,85,79,86,75,66,83,86,81,86,68,72,66,81,51,56,84,86,79,86,59,47,59,12,12,13,13,11,82,83,83,83,83,83,85,85,83,85,74,72,74,70,62,70,23
